Customer_ID,Segment,Slope,Peak_Drop
A-OTZ3uYQ7Y,0,0.7619047619047492,38.0
C6oMSbq9UHw,0,-4.916666666666663,61.0
Mb-oVVctwyc,0,-1.9047619047618984,69.0
Ryv2owEHHec,0,-4.583333333333343,31.0
SaVcfHN7xE4,0,-3.952380952380962,50.0
ciErumwTEHw,0,7.714285714285708,67.0
iFeg7F2q-PU,0,2.0357142857142843,43.0
zoOl1hw04L0,0,8.583333333333323,56.0
